FLOPs,Loss,Accuracy
52603200000,0.023020946204662322,0.090125
105206400000,0.022983392894268036,0.124625
157809600000,0.02294190838932991,0.166375
210412800000,0.022891591668128968,0.231625
263016000000,0.022825455129146577,0.312875
